date,station,average
1999-03-01,502,1.7
1999-03-02,502,2.1
1999-03-03,502,2.9
1999-03-04,502,2.6
1999-03-05,502,2.4
1999-03-06,502,2.3
1999-03-07,502,2.2
1999-03-08,502,2.2
1999-03-09,502,2.0
1999-03-10,502,2.6
1999-03-11,502,2.6
1999-03-12,502,2.9
1999-03-13,502,2.7
1999-03-14,502,2.8
1999-03-15,502,2.9
1999-03-16,502,3.0
1999-03-17,502,3.3
1999-03-18,502,3.3
1999-03-19,502,3.0
1999-03-20,502,3.5
1999-03-21,502,3.8
1999-03-22,502,4.0
1999-03-23,502,4.0
1999-03-24,502,4.3
1999-03-25,502,5.0
1999-03-26,502,4.4
1999-03-27,502,4.4
1999-03-28,502,4.2
1999-03-29,502,4.3
1999-03-30,502,3.7
1999-03-31,502,3.3
1999-04-01,502,3.8
1999-04-02,502,3.9
1999-04-03,502,4.1
1999-04-04,502,3.9
1999-04-05,502,3.5
1999-04-06,502,3.5
1999-04-07,502,3.0
1999-04-08,502,2.9
1999-04-09,502,2.9
1999-04-10,502,2.2
1999-04-11,502,2.1
1999-04-12,502,1.6
1999-04-13,502,1.9
1999-04-14,502,1.5
1999-04-15,502,1.4
1999-04-16,502,1.4
1999-04-17,502,1.5
1999-04-18,502,1.5
1998-06-09,504,3.1
1998-06-10,504,3.05
1998-06-11,504,3.1
1998-06-12,504,3.05
1998-06-13,504,2.85
1998-06-14,504,2.5
1998-06-15,504,2.4
1998-06-16,504,2.4
1998-06-17,504,2.15
1998-06-18,504,1.95
1998-06-19,504,1.85
1998-06-20,504,1.7
1998-06-21,504,1.5
1998-06-22,504,1.35
1998-06-23,504,1.2
1998-06-24,504,1.15
1998-06-25,504,1.15
1998-06-26,504,1.05
1998-06-27,504,1.0
1998-06-28,504,0.95
1998-06-29,504,0.85
1998-06-30,504,0.8
1999-03-01,504,0.7
1999-03-02,504,0.75
1999-03-03,504,0.75
1999-03-04,504,0.8
1999-03-05,504,0.75
1999-03-06,504,0.6
1999-03-07,504,0.55
1999-03-08,504,0.5
1999-03-09,504,0.5
1999-03-10,504,0.65
1999-03-11,504,0.55
1999-03-12,504,0.65
1999-03-13,504,0.55
1999-03-14,504,0.45
1999-03-15,504,0.45
1999-03-16,504,0.45
1999-03-17,504,0.4
1999-03-18,504,0.4
1999-03-19,504,0.45
1999-03-20,504,0.6
1999-03-21,504,0.55
1999-03-22,504,0.65
1999-03-23,504,0.65
1998-07-04,505,1.3
1998-07-05,505,1.3
1998-07-06,505,1.3
1998-07-07,505,1.3
1998-07-08,505,1.4
1998-07-09,505,1.4
1998-07-10,505,1.5
1998-07-11,505,1.3
1998-07-12,505,1.1
1998-07-13,505,0.9
1998-07-14,505,0.8
1998-07-15,505,0.9
1998-07-16,505,0.7
1998-07-17,505,0.7
1998-07-18,505,0.7
1998-07-19,505,0.7
1998-07-20,505,0.6
1998-07-21,505,0.5
1998-07-22,505,0.5
1998-07-23,505,0.4
1998-07-24,505,0.5
1998-07-25,505,0.4
1998-07-26,505,0.4
1998-07-27,505,0.5
1998-07-28,505,0.4
1998-07-29,505,0.4
1998-07-30,505,0.4
1998-07-31,505,0.3
1999-02-01,505,0.3
1999-02-02,505,0.2
1999-02-03,505,0.3
1999-02-04,505,0.3
1999-02-05,505,0.1
1999-02-06,505,0.3
1999-02-07,505,0.3
1999-02-08,505,0.4
1999-02-09,505,0.6
1999-02-10,505,1.1
1999-02-11,505,1.1
1999-02-12,505,1.0
1999-02-13,505,1.1
1999-02-14,505,1.7
1999-02-15,505,1.9
1999-02-16,505,2.5
1999-02-17,505,3.4
1999-02-18,505,3.7
1999-02-19,505,3.7
1999-02-20,505,2.0
1999-02-21,505,2.4
1999-02-22,505,1.9
1999-02-23,505,1.9
1999-02-24,505,1.8
1999-02-25,505,1.6
1999-02-26,505,1.7
1999-02-27,505,1.8
1999-02-28,505,1.7
1999-03-01,505,2.6
1999-03-02,505,2.8
1999-03-03,505,3.2
1999-03-04,505,3.3
1999-03-05,505,3.4
1999-03-06,505,2.7
1999-03-07,505,2.1
1999-03-08,505,2.1
1999-03-09,505,2.1
1999-03-10,505,3.1
1999-03-11,505,3.0
1999-03-12,505,3.0
1999-03-13,505,3.2
1999-03-14,505,3.1
1999-03-15,505,3.2
1999-03-16,505,3.5
1999-03-17,505,3.7
1998-06-18,531,12.2
1998-06-19,531,11.4
1998-06-20,531,11.2
1998-06-21,531,11.4
1998-06-22,531,11.3
1998-06-23,531,11.2
1998-06-24,531,10.9
1998-06-25,531,11.3
1998-06-26,531,11.2
1998-06-27,531,9.7
1998-06-28,531,9.1
1998-06-29,531,7.1
1998-06-30,531,6.1
1998-07-01,531,4.9
1998-07-02,531,4.8
1998-07-03,531,5.0
1998-07-04,531,4.6
1998-07-05,531,4.4
1998-07-06,531,4.2
1998-07-07,531,3.9
1998-07-08,531,3.8
1998-07-09,531,4.9
1998-07-10,531,5.1
1998-07-11,531,4.3
1998-07-12,531,4.5
1998-07-13,531,3.6
1998-07-14,531,3.3
1998-07-15,531,3.0
1998-07-16,531,2.9
1998-07-17,531,2.6
1998-07-18,531,2.6
1998-07-19,531,2.9
1998-07-20,531,2.9
1998-07-21,531,2.6
1998-07-22,531,2.8
1998-07-23,531,2.9
1998-07-24,531,2.6
1998-07-25,531,2.6
1998-07-26,531,2.5
1998-07-27,531,2.3
1998-07-28,531,2.1
1998-07-29,531,1.8
1998-07-30,531,1.6
1998-07-31,531,1.2
1999-02-01,531,2.2
1999-02-02,531,3.7
1999-02-03,531,1.5
1999-02-04,531,2.6
1999-02-05,531,2.7
1999-02-06,531,2.6
1999-02-07,531,2.6
1999-02-08,531,2.8
1999-02-09,531,1.6
1999-02-10,531,2.8
1999-02-11,531,2.4
1999-02-12,531,4.5
1999-02-13,531,7.8
1999-02-14,531,7.8
1999-02-15,531,5.2
1999-02-16,531,5.2
1999-02-17,531,7.8
1999-02-18,531,5.7
1999-02-19,531,8.3
1999-02-20,531,8.9
1999-02-21,531,9.1
1999-02-22,531,8.5
1999-02-23,531,9.6
1999-02-24,531,8.6
1999-02-25,531,8.4
1999-02-26,531,8.0
1999-02-27,531,8.2
1999-02-28,531,8.7
1999-03-01,531,10.7
1999-03-02,531,10.9
1999-03-03,531,10.7
1999-03-04,531,10.6
1999-03-05,531,11.0
2005-05-22,551,0.7
2005-05-23,551,0.6
2005-05-24,551,0.8
2005-05-25,551,0.9
2005-05-26,551,0.9
2005-05-27,551,0.6
2005-05-28,551,0.4
2005-05-29,551,0.4
2005-05-30,551,0.2
2005-05-31,551,0.1
2006-03-01,551,0.3
2006-03-02,551,0.2
2006-03-03,551,0.4
2006-03-04,551,0.4
2006-03-05,551,0.3
2006-03-06,551,0.2
2006-03-07,551,0.2
2006-03-08,551,0.1
2006-03-09,551,0.2
2006-03-10,551,0.2
2006-03-11,551,0.2
2006-03-12,551,0.2
2006-03-13,551,0.1
2006-03-14,551,0.2
2006-03-15,551,0.3
2006-03-16,551,0.3
2006-03-17,551,0.3
2006-03-18,551,0.3
2006-03-19,551,0.3
2006-03-20,551,0.3
2006-03-21,551,0.3
2006-03-22,551,0.2
2006-03-23,551,0.2
2006-03-24,551,0.2
2006-03-25,551,0.6
2006-03-26,551,0.2
2006-03-27,551,0.2
2006-03-28,551,0.2
2006-03-29,551,0.4
2006-03-30,551,0.4
2006-03-31,551,0.4
2006-04-01,551,0.2
2006-04-02,551,0.1
2006-04-03,551,0.1
2006-04-04,551,0.1
2006-04-05,551,0.1
2006-04-06,551,0.1
2006-04-07,551,0.1
2006-04-08,551,0.1
2006-04-09,551,0.1
2006-04-10,551,0.1
2006-04-11,551,0.1
2006-04-12,551,0.1
2006-04-13,551,0.1
2006-04-14,551,0.1
2005-06-14,552,1.4
2005-06-15,552,1.9
2005-06-16,552,3.1
2005-06-17,552,4.4
2005-06-18,552,6.0
2005-06-19,552,4.6
2005-06-20,552,4.0
2005-06-21,552,3.8
2005-06-22,552,3.4
2005-06-23,552,2.8
2005-06-24,552,1.8
2005-06-25,552,1.4
2005-06-26,552,1.1
2005-06-27,552,0.7
2005-06-28,552,0.7
2005-06-29,552,0.6
2005-06-30,552,0.5
2005-07-01,552,0.4
2005-07-02,552,0.4
2005-07-07,552,0.1
2005-07-08,552,0.1
2005-07-09,552,0.1
2005-07-14,552,0.1
2005-07-15,552,0.1
2005-07-16,552,0.0
2006-02-01,552,4.7
2006-02-02,552,3.6
2006-02-03,552,2.0
2006-02-04,552,1.3
2006-02-05,552,0.9
2006-02-06,552,0.6
2006-02-07,552,0.8
2006-02-08,552,1.4
2006-02-09,552,2.2
2006-02-10,552,2.0
2006-02-11,552,1.5
2006-02-12,552,1.7
2006-02-13,552,1.8
2006-02-14,552,1.5
2006-02-15,552,1.4
2006-02-16,552,1.4
2006-02-17,552,1.7
2006-02-18,552,1.7
2006-02-19,552,1.4
2006-02-20,552,1.5
2006-02-21,552,2.0
2006-02-22,552,2.4
2006-02-23,552,2.5
2006-02-24,552,2.7
2006-02-25,552,3.1
2006-02-26,552,3.4
2006-02-27,552,3.9
2006-02-28,552,4.7
2006-03-01,552,5.0
2006-03-02,552,6.2
2006-03-03,552,7.5
2006-03-04,552,6.4
2006-03-05,552,4.6
2006-03-06,552,3.8
2006-03-07,552,3.2
2006-03-08,552,3.4
2006-03-09,552,3.0
2006-03-10,552,3.0
2006-03-11,552,3.3
2006-03-12,552,3.0
2006-03-13,552,3.1
2006-03-14,552,3.4
2006-03-15,552,3.8
2006-03-16,552,3.9
2006-03-17,552,3.7
2006-03-18,552,3.9
2006-03-19,552,4.0
2006-03-20,552,4.0
2006-03-21,552,4.2
2006-03-22,552,3.8
2006-03-23,552,3.1
2006-03-24,552,3.3
2006-03-25,552,3.5
2006-03-26,552,3.1
2006-03-27,552,3.3
2006-03-28,552,3.7
2006-03-29,552,4.3
2006-03-30,552,4.4
2006-03-31,552,4.9
2006-04-01,552,4.3
2006-04-02,552,3.7
2006-04-03,552,3.3
2006-04-04,552,3.0
2006-04-05,552,2.6
2006-04-06,552,2.5
2006-04-07,552,2.7
2006-04-08,552,2.5
2006-04-09,552,2.6
2006-04-10,552,2.5
2006-04-11,552,2.8
2006-04-12,552,2.7
2006-04-13,552,2.8
2006-04-14,552,2.9
2006-04-15,552,3.5
2006-04-16,552,3.4
2006-04-17,552,4.1
2006-04-18,552,5.3
2006-04-19,552,5.4
2006-04-20,552,6.6
2006-04-21,552,6.0
2006-04-22,552,5.7
2006-04-23,552,5.7
2006-04-24,552,5.5
2006-04-25,552,5.6
2005-07-18,553,2.7
2005-07-19,553,3.0
2005-07-20,553,3.4
2005-07-21,553,4.2
2005-07-22,553,4.3
2005-07-23,553,3.8
2005-07-24,553,4.0
2005-07-25,553,3.5
2005-07-26,553,2.8
2005-07-27,553,2.2
2005-07-28,553,1.6
2005-07-29,553,1.8
2005-07-30,553,1.6
2005-07-31,553,1.1
2006-02-01,553,13.6
2006-02-02,553,13.6
2006-02-03,553,13.5
2006-02-04,553,13.7
2006-02-05,553,11.3
2006-02-06,553,7.4
2006-02-07,553,9.0
2006-02-08,553,10.3
2006-02-09,553,11.0
2006-02-10,553,10.9
2006-02-11,553,10.6
2006-02-12,553,12.5
2006-02-13,553,13.4
2006-02-14,553,11.7
2006-02-15,553,12.0
2006-02-16,553,12.0
2006-02-17,553,12.7
2006-02-18,553,13.9
2006-02-19,553,14.5
2006-02-20,553,12.3
2006-02-21,553,14.0
2006-02-22,553,11.8
2006-02-23,553,11.7
2006-02-24,553,13.0
2006-02-25,553,12.7
2006-02-26,553,12.3
2006-02-27,553,13.4
2006-02-28,553,12.5
2006-03-01,553,15.2
2006-03-02,553,16.6
2006-03-03,553,17.9
2006-03-04,553,19.6
2006-03-05,553,18.6
2006-03-06,553,15.6
2006-03-07,553,13.7
2006-03-08,553,14.4
2006-03-09,553,14.2
2006-03-10,553,13.6
2006-03-11,553,11.4
2006-03-12,553,10.6
2006-03-13,553,11.2
2006-03-14,553,11.0
2006-03-15,553,12.0
2006-03-16,553,13.4
2006-03-17,553,14.5
2006-03-18,553,15.3
2006-03-19,553,16.4
2006-03-20,553,16.3
2006-03-21,553,15.5
2006-03-22,553,14.7
2006-03-23,553,13.3
2006-03-24,553,13.2
2006-03-25,553,13.2
2006-03-26,553,13.0
2006-03-27,553,13.1
2006-03-28,553,13.2
2006-03-29,553,13.8
2006-03-30,553,14.2
2006-03-31,553,14.2
2006-04-01,553,13.6
2006-04-02,553,13.1
2006-04-03,553,12.3
2006-04-04,553,9.8
2006-04-05,553,9.7
2006-04-06,553,10.5
2006-04-07,553,10.4
2006-04-08,553,10.1
2006-04-09,553,10.6
2006-04-10,553,10.3
2006-04-11,553,10.7
2006-04-12,553,11.2
2006-04-13,553,11.0
2006-04-14,553,11.1
2006-04-15,553,12.7
2006-04-16,553,12.5
2006-04-17,553,12.9
2006-04-18,553,14.6
2006-04-19,553,15.1
2006-04-20,553,15.3
2006-04-21,553,16.4
2006-04-22,553,14.1
2006-04-23,553,12.6
2006-04-24,553,11.7
2006-04-25,553,11.7
2006-04-26,553,13.5
2006-04-27,553,14.4
2006-04-28,553,14.2
2006-04-29,553,13.6
2006-04-30,553,12.7
2006-05-01,553,11.9
2006-05-02,553,11.1
2006-05-03,553,10.8
2006-05-04,553,10.3
2006-05-05,553,9.9
2006-05-06,553,9.4
2006-05-07,553,11.6
2006-05-08,553,11.3
2006-05-09,553,11.2
2006-05-10,553,13.5
2006-05-11,553,13.1
2006-05-12,553,12.4
2006-05-13,553,11.6
2006-05-14,553,11.3
1999-04-20,554,0.2
1999-04-21,554,0.2
1999-04-22,554,0.3
2006-02-06,570,0.2
2006-02-07,570,0.2
2006-02-08,570,0.2
2006-02-09,570,0.2
2006-02-10,570,0.2
2006-02-11,570,0.2
2006-02-12,570,0.2
2006-02-13,570,0.2
2006-02-14,570,0.2
2006-02-15,570,0.2
2006-02-16,570,0.2
2006-02-17,570,0.2
2006-02-18,570,0.3
2006-02-19,570,0.3
2006-02-20,570,0.3
2006-02-21,570,0.3
2006-02-22,570,0.3
2006-02-23,570,0.3
2006-02-24,570,0.3
2006-02-25,570,0.4
2006-02-26,570,0.4
2006-02-27,570,0.4
2006-02-28,570,0.4
2006-03-01,570,0.4
2006-03-02,570,0.4
2006-03-03,570,0.7
2006-03-04,570,0.5
2006-03-05,570,0.4
2006-03-06,570,0.3
2006-03-07,570,0.3
2006-03-08,570,0.2
2006-03-09,570,0.2
2006-03-10,570,0.2
2006-03-11,570,0.3
2006-03-12,570,0.2
2006-03-13,570,0.2
2006-03-14,570,0.3
2006-03-15,570,0.4
2006-03-16,570,0.4
2006-03-17,570,0.5
2006-03-18,570,0.5
2006-03-19,570,0.5
2006-03-20,570,0.5
2006-03-21,570,0.4
2006-03-22,570,0.4
2006-03-23,570,0.4
2006-03-24,570,0.3
2006-03-25,570,0.2
2006-03-26,570,0.3
2006-03-27,570,0.3
2006-03-28,570,0.3
2006-03-29,570,0.5
2006-03-30,570,0.6
2006-03-31,570,0.7
2006-04-01,570,0.6
2006-04-02,570,0.6
2006-04-03,570,0.5
2006-04-04,570,0.5
2006-04-05,570,0.5
2006-04-06,570,0.4
2006-04-07,570,0.4
2006-04-08,570,0.4
2006-04-09,570,0.3
2006-04-10,570,0.3
2006-04-11,570,0.3
2006-04-12,570,0.3
2006-04-13,570,0.3
2006-04-14,570,0.3
2006-04-15,570,0.3
2006-04-16,570,0.4
2006-04-17,570,0.4
2006-04-18,570,0.5
2006-04-19,570,0.7
2006-04-20,570,0.9
2006-04-21,570,1.0
2006-04-22,570,0.8
2006-04-29,573,0.0
2006-04-30,573,0.0
2007-03-01,573,0.1
2007-03-02,573,0.1
2007-03-03,573,0.1
2007-03-04,573,0.1
2007-03-05,573,0.1
2007-03-06,573,0.1
2007-03-07,573,0.1
2007-03-08,573,0.1
2007-03-09,573,0.1
2007-03-10,573,0.2
2007-03-11,573,0.2
2007-03-12,573,0.1
2007-03-13,573,0.1
2007-03-14,573,0.1
2007-03-15,573,0.1
2007-03-16,573,0.1
2007-03-17,573,0.1
2007-03-18,573,0.2
2007-03-19,573,0.3
2007-03-20,573,0.3
2007-03-21,573,0.4
2007-03-22,573,0.3
2007-03-23,573,0.3
2007-03-24,573,0.3
2007-03-25,573,0.2
2007-03-26,573,0.1
1996-05-11,574,0.1
1996-05-12,574,0.1
1996-05-13,574,0.1
1996-05-14,574,0.1
1996-05-15,574,0.1
1996-05-16,574,0.3
2014-06-11,602,4.2
2014-06-12,602,3.0
2014-06-13,602,2.7
2014-06-14,602,2.5
2014-06-15,602,2.3
2014-06-16,602,1.7
2014-06-17,602,0.9
2014-06-18,602,0.3
2014-06-19,602,0.3
2014-06-20,602,0.3
2014-06-21,602,0.2
2014-06-22,602,0.2
2014-06-23,602,0.2
2014-06-24,602,0.2
2014-06-25,602,0.2
2014-06-26,602,0.2
2014-06-27,602,0.2
2014-06-28,602,0.2
2014-06-29,602,0.2
2014-06-30,602,0.1
2015-01-01,602,1.5
2015-01-02,602,2.5
2015-01-03,602,2.3
2015-01-04,602,2.7
2015-01-05,602,1.5
2015-01-06,602,1.5
2015-01-07,602,0.5
2015-01-08,602,0.7
2015-01-09,602,0.4
2015-01-10,602,0.3
2015-01-11,602,0.5
2015-01-12,602,1.1
2015-01-13,602,1.0
2015-01-14,602,1.5
2015-01-15,602,1.7
2015-01-16,602,3.0
2015-01-17,602,5.4
2015-01-18,602,8.7
2015-01-19,602,8.6
2015-01-20,602,8.2
2015-01-21,602,7.4
2015-01-22,602,5.6
2015-01-23,602,4.7
2015-01-24,602,3.2
2015-01-25,602,2.1
2015-01-26,602,1.0
2015-01-27,602,0.4
2015-01-28,602,0.3
2015-01-29,602,0.4
2015-01-30,602,1.2
2015-01-31,602,1.7
2015-02-01,602,2.3
2015-02-02,602,2.6
2015-02-03,602,2.6
2015-02-04,602,2.7
2015-02-05,602,2.7
2015-02-06,602,2.9
2015-02-07,602,2.6
2015-02-08,602,2.1
2015-02-09,602,1.9
2015-02-10,602,1.8
2015-02-11,602,2.0
2015-02-12,602,1.9
2015-02-13,602,2.7
2015-02-14,602,2.4
2015-02-15,602,3.7
2015-02-16,602,5.3
2015-02-17,602,6.1
2015-02-18,602,6.6
2015-02-19,602,6.5
2015-02-20,602,5.9
2015-02-21,602,4.8
2015-02-22,602,3.9
2015-02-23,602,3.1
2015-02-24,602,2.2
2015-02-25,602,1.7
2015-02-26,602,1.1
2015-02-27,602,0.8
2015-02-28,602,0.7
2015-03-01,602,0.9
2015-03-02,602,1.3
2015-03-03,602,1.6
2015-03-04,602,2.1
2015-03-05,602,2.7
2015-03-06,602,2.4
2015-03-07,602,2.2
2015-03-08,602,2.0
2015-03-09,602,1.7
2015-03-10,602,1.4
2015-03-11,602,1.2
2015-03-12,602,0.9
2015-03-13,602,0.8
2015-03-14,602,1.2
2015-03-15,602,1.9
2015-03-16,602,3.0
2015-03-17,602,4.1
2015-03-18,602,5.4
2015-03-19,602,5.3
2015-03-20,602,5.5
2015-03-21,602,5.2
2015-03-22,602,5.2
2015-03-23,602,4.5
2015-03-24,602,4.0
2015-03-25,602,3.6
2015-03-26,602,2.6
2015-03-27,602,2.3
2015-03-28,602,1.6
2015-03-29,602,1.6
2015-03-30,602,2.0
2015-03-31,602,2.7
2015-04-01,602,4.2
2015-04-02,602,4.6
2015-04-03,602,5.3
2015-04-04,602,5.0
2015-04-05,602,4.2
2015-04-06,602,3.4
2015-04-07,602,2.9
2015-04-08,602,2.5
2015-04-09,602,2.1
2015-04-10,602,1.5
2015-04-11,602,1.1
2015-04-12,602,1.1
2015-04-13,602,1.3
2015-04-14,602,2.6
2015-04-15,602,3.9
2015-04-16,602,4.0
2015-04-17,602,3.3
2015-04-18,602,3.4
2015-04-19,602,2.7
2015-04-20,602,2.2
2015-04-21,602,1.6
2015-04-22,602,1.2
2015-04-23,602,0.7
2015-04-24,602,0.7
2015-04-25,602,0.7
2015-04-26,602,1.0
2015-04-27,602,1.3
2015-04-28,602,1.4
2015-04-29,602,1.9
2015-04-30,602,3.0
2015-05-01,602,4.2
2015-05-02,602,4.9
2015-05-03,602,4.0
2015-05-04,602,3.9
2015-05-05,602,3.0
2015-05-06,602,2.5
2015-05-07,602,2.2
2015-05-08,602,1.5
2015-05-09,602,1.4
2015-05-10,602,1.1
2015-05-11,602,1.0
2015-05-12,602,1.1
2015-05-13,602,1.0
2015-05-14,602,1.3
2015-05-15,602,1.4
2015-05-16,602,1.5
2015-05-17,602,1.3
2015-05-18,602,0.9
2015-05-19,602,0.8
2015-05-20,602,0.6
2015-05-21,602,0.5
2015-05-22,602,0.4
2015-05-23,602,0.4
2015-05-24,602,0.7
2015-05-25,602,1.3
2015-05-26,602,1.6
2015-05-27,602,2.0
2015-05-28,602,3.2
2015-05-29,602,4.1
2015-05-30,602,6.2
2015-05-31,602,7.4
2015-06-01,602,7.7
2015-06-02,602,6.9
2015-06-03,602,6.1
2015-06-04,602,5.5
2015-06-05,602,4.9
2015-06-06,602,4.2
2015-06-07,602,3.3
2015-06-08,602,3.0
2015-06-09,602,2.3
2015-06-10,602,2.0
2015-06-11,602,1.9
2015-06-12,602,1.7
2015-06-13,602,1.7
2015-06-14,602,1.4
2015-06-15,602,1.1
2015-06-16,602,0.9
2015-06-17,602,0.5
2015-06-18,602,0.5
2015-06-19,602,0.4
2015-06-20,602,0.3
2015-06-21,602,0.3
2015-06-22,602,0.3
2015-06-23,602,0.4
2015-06-24,602,0.5
2015-06-25,602,0.8
2015-06-26,602,0.8
2015-06-27,602,1.5
2015-06-28,602,2.3
2015-06-29,602,2.2
2015-06-30,602,1.8
2015-11-15,602,0.1
2015-11-19,602,0.1
2015-11-20,602,0.1
2015-11-21,602,0.1
2015-11-26,602,0.1
2015-11-27,602,0.1
2015-11-28,602,0.2
2015-11-29,602,0.2
2015-12-01,602,0.2
2015-12-02,602,0.3
2015-12-03,602,0.7
2015-12-04,602,0.7
2015-12-05,602,0.7
2015-12-06,602,0.9
2015-12-07,602,1.2
2015-12-08,602,2.1
2015-12-09,602,1.8
2015-12-10,602,1.8
2015-12-11,602,1.6
2015-12-12,602,1.4
2015-12-13,602,0.8
2015-12-14,602,0.8
2015-12-15,602,0.6
2015-12-16,602,0.7
2015-12-17,602,1.2
2015-12-18,602,1.2
2015-12-19,602,2.0
2015-12-20,602,2.2
2015-12-21,602,2.6
2015-12-22,602,3.3
2015-12-23,602,5.7
2015-12-24,602,5.4
2015-12-25,602,4.0
2015-12-26,602,1.8
2015-12-27,602,1.6
2015-12-28,602,2.1
2015-12-29,602,1.9
2015-12-30,602,1.7
2015-12-31,602,1.6
2016-01-01,602,2.0
2016-01-02,602,1.9
2016-01-03,602,2.2
2016-01-04,602,2.2
2016-01-05,602,2.9
2016-01-06,602,5.4
2016-01-07,602,8.1
2016-01-08,602,9.0
2016-01-09,602,8.0
2016-01-10,602,6.6
2016-01-11,602,5.4
2016-01-12,602,4.9
2016-01-13,602,4.3
2016-01-14,602,3.5
2016-01-15,602,3.0
2016-01-16,602,2.2
2016-01-17,602,2.0
2016-01-18,602,1.7
2016-01-19,602,1.9
2016-01-20,602,2.0
2016-01-21,602,1.8
2016-01-22,602,1.5
2016-01-23,602,2.2
2016-01-24,602,2.4
2016-01-25,602,3.1
2016-01-26,602,4.9
2016-01-27,602,5.1
2016-01-28,602,4.3
2016-01-29,602,3.5
2016-01-30,602,3.1
2016-01-31,602,2.3
2016-02-01,602,1.7
2016-02-02,602,1.4
2016-02-03,602,2.2
2016-02-04,602,4.2
2016-02-05,602,6.8
2016-02-06,602,10.3
2016-02-07,602,11.9
2014-02-24,614,2.7
2014-02-25,614,3.2
2014-02-26,614,5.0
2014-02-27,614,6.1
2014-02-28,614,6.9
2014-03-01,614,7.1
2014-03-02,614,6.3
2014-03-03,614,6.1
2014-03-04,614,5.8
2014-03-05,614,5.1
2014-03-06,614,3.8
2014-03-07,614,2.1
2014-03-08,614,0.9
2014-03-09,614,1.5
2014-03-10,614,2.2
2014-03-11,614,3.3
2014-03-12,614,4.0
2014-03-13,614,4.7
2014-03-14,614,5.3
2014-03-15,614,7.5
2014-03-16,614,7.6
2014-03-17,614,7.7
2014-03-18,614,6.6
2014-03-19,614,5.7
2014-03-20,614,4.6
2014-03-21,614,4.3
2014-03-22,614,4.9
2014-03-23,614,4.4
2014-03-24,614,4.2
2014-03-25,614,4.2
2014-03-26,614,5.0
2014-03-27,614,7.1
2014-03-28,614,8.6
2014-03-29,614,8.5
2014-03-30,614,8.6
2014-03-31,614,8.4
2014-04-01,614,8.2
2014-04-02,614,7.3
2014-04-03,614,6.4
2014-04-04,614,5.3
2014-04-05,614,4.0
2014-04-06,614,2.7
2014-04-07,614,1.7
2014-04-08,614,2.0
2014-04-09,614,2.5
2014-04-10,614,4.5
2014-04-11,614,6.7
2014-04-12,614,7.2
2014-04-13,614,7.2
2014-04-14,614,7.2
2014-04-15,614,6.8
2014-04-16,614,6.5
2014-04-17,614,6.2
2014-04-18,614,5.1
2014-04-19,614,4.5
2014-04-20,614,4.3
2014-04-21,614,3.4
2014-04-22,614,2.9
2014-04-23,614,2.6
2014-04-24,614,3.9
2014-04-25,614,4.2
2014-04-26,614,4.5
2014-04-27,614,4.8
2014-04-28,614,4.7
2014-04-29,614,3.9
2014-04-30,614,4.1
2014-05-01,614,3.9
2014-05-02,614,3.9
2014-05-03,614,3.2
2014-05-04,614,1.9
2014-05-05,614,2.5
2014-05-06,614,2.4
2014-05-07,614,2.6
2014-05-08,614,3.0
2014-05-09,614,3.3
2014-05-10,614,4.2
2014-05-11,614,6.6
2014-05-12,614,6.8
2014-05-13,614,6.7
2014-05-14,614,6.5
2014-05-15,614,6.0
2014-05-16,614,5.4
2014-05-17,614,6.2
2014-05-18,614,4.9
2014-05-19,614,3.6
2014-05-20,614,3.2
2014-05-21,614,3.0
2014-05-22,614,3.0
2014-05-23,614,2.5
2014-05-24,614,4.2
2014-05-25,614,3.7
2014-05-26,614,3.9
2014-05-27,614,3.8
2014-05-28,614,3.6
2014-05-29,614,3.1
2014-05-30,614,3.1
2014-05-31,614,2.9
2014-06-01,614,2.7
2014-06-02,614,2.7
2014-06-03,614,2.4
2014-06-04,614,2.4
2014-06-05,614,2.1
2014-06-06,614,2.6
2014-06-07,614,2.4
2014-06-08,614,2.8
2014-06-09,614,4.7
2014-06-10,614,6.8
2014-06-11,614,8.3
2014-06-12,614,7.5
2014-06-13,614,7.5
2014-06-14,614,7.3
2014-06-15,614,7.4
2014-06-16,614,6.4
2014-06-17,614,4.9
2014-06-18,614,2.6
2014-06-19,614,1.6
2014-06-20,614,0.9
2014-06-21,614,0.9
2014-06-22,614,1.3
2014-06-23,614,0.4
2014-06-24,614,0.3
2014-06-25,614,0.4
2014-06-26,614,0.3
2014-06-27,614,0.2
2014-06-28,614,0.2
2014-06-29,614,0.2
2014-06-30,614,0.2
2015-01-01,614,4.8
2015-01-02,614,5.3
2015-01-03,614,6.6
2015-01-04,614,7.0
2015-01-05,614,6.2
2015-01-06,614,4.9
2015-01-07,614,4.1
2015-01-08,614,4.2
2015-01-09,614,4.1
2015-01-10,614,3.7
2015-01-11,614,3.6
2015-01-12,614,3.5
2015-01-13,614,3.8
2015-01-14,614,4.6
2015-01-15,614,5.0
2015-01-16,614,5.7
2015-01-17,614,8.8
2015-01-18,614,10.8
2015-01-19,614,11.3
2015-01-20,614,11.9
2015-01-21,614,10.8
2015-01-22,614,9.9
2015-01-23,614,9.9
2015-01-24,614,9.3
2015-01-25,614,6.1
2015-01-26,614,4.9
2015-01-27,614,5.0
2015-01-28,614,4.0
2015-01-29,614,4.2
2015-01-30,614,5.1
2015-01-31,614,4.4
2015-02-01,614,6.3
2015-02-02,614,7.0
2015-02-03,614,7.2
2015-02-04,614,7.8
2015-02-05,614,8.1
2015-02-06,614,8.2
2015-02-07,614,7.5
2015-02-08,614,7.6
2015-02-09,614,8.0
2015-02-10,614,6.4
2015-02-11,614,4.9
2015-02-12,614,5.5
2015-02-13,614,6.6
2015-02-14,614,7.8
2015-02-15,614,7.3
2015-02-16,614,9.2
2015-02-17,614,9.8
2015-02-18,614,10.4
2015-02-19,614,10.8
2015-02-20,614,10.3
2015-02-21,614,10.5
2015-02-22,614,10.5
2015-02-23,614,10.3
2015-02-24,614,8.0
2015-02-25,614,7.1
2015-02-26,614,5.0
2015-02-27,614,4.2
2015-02-28,614,3.7
2015-03-01,614,4.5
2015-03-02,614,4.8
2015-03-03,614,5.1
2015-03-04,614,5.7
2015-03-05,614,5.5
2015-03-06,614,6.1
2015-03-07,614,7.3
2015-03-08,614,6.7
2015-03-09,614,6.6
2015-03-10,614,6.7
2015-03-11,614,6.1
2015-03-12,614,4.8
2015-03-13,614,4.5
2015-03-14,614,4.0
2015-03-15,614,4.5
2015-03-16,614,6.6
2015-03-17,614,7.8
2015-03-18,614,8.6
2015-03-19,614,9.3
2015-03-20,614,9.5
2015-03-21,614,9.8
2015-03-22,614,10.4
2015-03-23,614,10.6
2015-03-24,614,10.3
2015-03-25,614,9.2
2015-03-26,614,9.1
2015-03-27,614,7.8
2015-03-28,614,6.5
2015-03-29,614,5.0
2015-03-30,614,6.3
2015-03-31,614,7.2
2015-04-01,614,8.2
2015-04-02,614,8.7
2015-04-03,614,8.5
2015-04-04,614,8.6
2015-04-05,614,8.0
2015-04-06,614,7.4
2015-04-07,614,7.5
2015-04-08,614,7.2
2015-04-09,614,7.0
2015-04-10,614,6.8
2015-04-11,614,5.8
2015-04-12,614,5.1
2015-04-13,614,4.6
2015-04-14,614,6.4
2015-04-15,614,9.4
2015-04-16,614,8.7
2015-04-17,614,8.2
2015-04-18,614,8.3
2015-04-19,614,7.6
2015-04-20,614,7.7
2015-04-21,614,7.2
2015-04-22,614,6.5
2015-04-23,614,5.6
2015-04-24,614,4.6
2015-04-25,614,4.8
2015-04-26,614,4.6
2015-04-27,614,4.3
2015-04-28,614,4.6
2015-04-29,614,5.9
2015-04-30,614,7.5
2015-05-01,614,7.8
2015-05-02,614,8.0
2015-05-03,614,8.2
2015-05-04,614,7.9
2015-05-05,614,7.6
2015-05-06,614,7.6
2015-05-07,614,7.0
2015-05-08,614,5.8
2015-05-09,614,5.0
2015-05-10,614,4.8
2015-05-11,614,4.2
2015-05-12,614,4.3
2015-05-13,614,4.8
2015-05-14,614,5.4
2015-05-15,614,5.6
2015-05-16,614,5.0
2015-05-17,614,5.0
2015-05-18,614,4.8
2015-05-19,614,5.1
2015-05-20,614,3.9
2015-05-21,614,3.8
2015-05-22,614,3.7
2015-05-23,614,2.1
2015-05-24,614,3.3
2015-05-25,614,3.8
2015-05-26,614,4.0
2015-05-27,614,6.0
2015-05-28,614,6.2
2015-05-29,614,7.4
2015-05-30,614,7.7
2015-05-31,614,9.3
2015-06-01,614,9.8
2015-06-02,614,10.3
2015-06-03,614,10.0
2015-06-04,614,10.1
2015-06-05,614,9.6
2015-06-06,614,9.4
2015-06-07,614,8.5
2015-06-08,614,7.8
2015-06-09,614,6.9
2015-06-10,614,6.7
2015-06-11,614,6.8
2015-06-12,614,6.7
2014-03-26,615,6.35
2014-03-27,615,7.4
2014-03-28,615,7.3
2014-03-29,615,7.1
2014-03-30,615,6.7
2014-03-31,615,6.0
2014-04-01,615,5.0
2014-04-02,615,4.2
2014-04-03,615,3.75
2014-04-04,615,3.2
2014-04-05,615,2.95
2014-04-06,615,2.7
2014-04-07,615,2.85
2014-04-08,615,2.9
2014-04-09,615,3.25
2014-04-10,615,3.35
2014-04-11,615,3.6
2014-04-12,615,4.35
2014-04-13,615,4.8
2014-04-14,615,4.9
2014-04-15,615,4.3
2014-04-16,615,3.3
2014-04-17,615,3.15
2014-04-18,615,2.85
2014-04-19,615,2.5
2014-04-20,615,2.0
2014-04-21,615,1.85
2014-04-22,615,1.85
2014-04-23,615,2.05
2014-04-24,615,2.85
2014-04-25,615,3.6
2014-04-26,615,3.75
2014-04-27,615,3.6
2014-04-28,615,3.25
2014-04-29,615,2.95
2014-04-30,615,2.6
2014-05-01,615,2.35
2014-05-02,615,2.15
2014-05-03,615,1.9
2014-05-04,615,1.95
2014-05-05,615,2.5
2014-05-06,615,3.0
2014-05-07,615,3.05
2014-05-08,615,3.2
2014-05-09,615,3.2
2014-05-10,615,3.4
2014-05-11,615,3.75
2014-05-12,615,3.2
2014-05-13,615,3.0
2014-05-14,615,2.7
2014-05-15,615,2.1
2014-05-16,615,1.95
2014-05-17,615,1.75
2014-05-18,615,1.55
2014-05-19,615,1.5
2014-05-20,615,1.65
2014-05-21,615,1.8
2014-05-22,615,2.0
2014-05-23,615,2.2
2014-05-24,615,2.55
2014-05-25,615,2.55
2014-05-26,615,2.5
2014-05-27,615,2.0
2014-05-28,615,1.6
2014-05-29,615,1.5
2014-05-30,615,1.6
2014-05-31,615,1.85
2014-06-01,615,1.85
2014-06-02,615,2.0
2014-06-03,615,1.65
2014-06-04,615,1.7
2014-06-05,615,1.75
2014-06-06,615,1.85
2014-06-07,615,2.2
2014-06-08,615,2.85
2014-06-09,615,3.8
2014-06-10,615,5.15
2014-06-11,615,4.1
2014-06-12,615,3.7
2014-06-13,615,3.25
2014-06-14,615,2.95
2014-06-15,615,2.4
2014-06-16,615,2.05
2014-06-17,615,1.25
2014-06-18,615,0.95
2014-06-19,615,0.7
2014-06-20,615,0.55
2014-06-21,615,0.6
2014-06-22,615,0.55
2014-06-23,615,0.5
2014-06-24,615,0.4
2014-06-25,615,0.4
2014-06-26,615,0.35
2014-06-27,615,0.25
2014-06-28,615,0.15
2014-06-29,615,0.1
2015-01-01,615,4.0
2015-01-02,615,5.25
2015-01-03,615,6.4
2015-01-04,615,6.75
2015-01-05,615,6.45
2015-01-06,615,5.95
2015-01-07,615,6.05
2015-01-08,615,5.8
2015-01-09,615,5.25
2015-01-10,615,5.0
2015-01-11,615,4.4
2015-01-12,615,3.85
2015-01-13,615,3.4
2015-01-14,615,3.4
2015-01-15,615,3.95
2015-01-16,615,5.65
2015-01-17,615,8.0
2015-01-18,615,9.8
2015-01-19,615,10.3
2015-01-20,615,10.6
2015-01-21,615,9.95
2015-01-22,615,10.0
2015-01-23,615,9.65
2015-01-24,615,8.05
2015-01-25,615,5.65
2015-01-26,615,4.7
2015-01-27,615,4.45
2015-01-28,615,3.55
2015-01-29,615,2.9
2015-01-30,615,3.35
2015-01-31,615,5.6
2015-02-01,615,8.35
2015-02-02,615,9.65
2015-02-03,615,9.85
2015-02-04,615,10.15
2015-02-05,615,8.65
2015-02-06,615,8.65
2015-02-07,615,7.9
2015-02-08,615,7.7
2015-02-09,615,7.1
2015-02-10,615,5.5
2015-02-11,615,4.35
2015-02-12,615,3.9
2015-02-13,615,3.6
2015-02-14,615,3.7
2015-02-15,615,6.6
2015-02-16,615,8.8
2015-02-17,615,10.25
2015-02-18,615,11.25
2015-02-19,615,11.5
2015-02-20,615,11.45
2015-02-21,615,10.75
2015-02-22,615,9.15
2015-02-23,615,8.5
2015-02-24,615,7.25
2015-02-25,615,5.7
2015-02-26,615,4.45
2015-02-27,615,3.75
2015-02-28,615,4.1
2015-03-01,615,4.8
2015-03-02,615,6.35
2015-03-03,615,6.5
2015-03-04,615,6.95
2015-03-05,615,6.55
2015-03-06,615,6.75
2015-03-07,615,6.25
2015-03-08,615,6.6
2015-03-09,615,6.4
2015-03-10,615,6.2
2015-03-11,615,6.1
2015-03-12,615,4.8
2015-03-13,615,4.75
2015-03-14,615,4.0
2015-03-15,615,3.85
2015-03-16,615,4.75
2015-03-17,615,5.95
2015-03-18,615,7.5
2015-03-19,615,8.1
2015-03-20,615,8.3
2015-03-21,615,8.6
2015-03-22,615,8.8
2015-03-23,615,8.95
2015-03-24,615,7.9
2015-03-25,615,7.45
2015-03-26,615,6.95
2015-03-27,615,6.75
2015-03-28,615,5.85
2015-03-29,615,5.3
2015-03-30,615,5.35
2015-03-31,615,5.3
2015-04-01,615,5.65
2015-04-02,615,7.35
2015-04-03,615,7.85
2015-04-04,615,6.9
2015-04-05,615,6.2
2015-04-06,615,5.4
2015-04-07,615,4.8
2015-04-08,615,4.75
2015-04-09,615,4.35
2015-04-10,615,4.65
2015-04-11,615,5.6
2015-04-12,615,5.3
2015-04-13,615,5.1
2015-04-14,615,6.35
2015-04-15,615,7.5
2015-04-16,615,7.85
2015-04-17,615,7.7
2015-04-18,615,7.5
2015-04-19,615,7.05
2015-04-20,615,6.3
2015-04-21,615,5.95
2015-04-22,615,4.25
2015-04-23,615,3.9
2015-04-24,615,3.85
2015-04-25,615,4.5
2015-04-26,615,5.2
2015-04-27,615,5.25
2015-04-28,615,4.1
2015-04-29,615,4.05
2015-04-30,615,4.05
2015-05-01,615,4.75
2015-05-02,615,5.95
2015-05-03,615,6.3
2015-05-04,615,5.7
2015-05-05,615,5.05
2015-05-06,615,4.55
2015-05-07,615,4.1
2015-05-08,615,3.85
2015-05-09,615,3.55
2015-05-10,615,3.0
2015-05-11,615,3.15
2015-05-12,615,3.05
2015-05-13,615,3.0
2015-05-14,615,3.6
2015-05-15,615,4.05
2015-05-16,615,3.5
2015-05-17,615,3.35
2015-05-18,615,2.9
2015-05-19,615,2.6
2015-05-20,615,2.2
2015-05-21,615,1.85
2015-05-22,615,1.5
2015-05-23,615,1.2
2015-05-24,615,1.55
2015-05-25,615,1.85
2015-05-26,615,1.95
2015-05-27,615,2.2
2015-05-28,615,2.45
2015-05-29,615,2.25
2015-05-30,615,2.85
2015-05-31,615,4.5
2015-06-01,615,5.8
2015-06-02,615,5.65
2015-06-03,615,5.95
2015-06-04,615,5.7
2015-06-05,615,5.6
2015-06-06,615,5.7
2015-06-07,615,5.55
2015-06-08,615,5.2
2015-06-09,615,4.65
2015-06-10,615,4.35
2015-06-11,615,4.5
2015-06-12,615,4.25
2015-06-13,615,3.8
2015-06-14,615,3.2
2015-06-15,615,3.1
2015-06-16,615,2.4
2015-06-17,615,1.95
2015-06-18,615,1.6
2015-06-19,615,1.5
2015-06-20,615,1.4
2015-06-21,615,1.15
2015-06-22,615,0.8
2015-06-23,615,0.65
2015-06-24,615,0.6
2015-06-25,615,0.65
2015-06-26,615,0.4
2015-06-27,615,0.35
2015-06-28,615,0.25
2015-06-29,615,0.15
2015-06-30,615,0.1
2016-01-01,615,7.25
2016-01-02,615,5.9
2016-01-03,615,4.4
2016-01-04,615,4.1
2016-01-05,615,4.55
2016-01-06,615,6.45
2016-01-07,615,9.5
2016-01-08,615,11.8
2016-01-09,615,12.1
2016-01-10,615,11.1
2016-01-11,615,10.45
2016-01-12,615,9.1
2016-01-13,615,8.35
2016-01-14,615,9.15
2016-01-15,615,7.95
2016-01-16,615,6.55
2016-01-17,615,5.7
2016-01-18,615,4.65
2016-01-19,615,4.4
2016-01-20,615,5.2
2016-01-21,615,5.85
2016-01-22,615,5.95
2016-01-23,615,6.9
2016-01-24,615,8.65
2016-01-25,615,10.1
2016-01-26,615,11.55
2016-01-27,615,11.7
2016-01-28,615,10.45
2016-01-29,615,9.4
2016-01-30,615,8.5
2016-01-31,615,6.0
2016-02-01,615,4.6
2016-02-02,615,3.75
2016-02-03,615,3.5
2016-02-04,615,5.5
2016-02-05,615,10.55
2016-02-06,615,13.05
2016-02-07,615,15.8
2016-02-08,615,16.5
2016-02-09,615,15.1
2016-02-10,615,13.35
2016-02-11,615,12.1
2016-02-12,615,11.1
2016-02-13,615,9.35
2016-02-14,615,7.05
2016-02-15,615,6.3
2016-02-16,615,5.4
2016-02-17,615,4.65
2016-02-18,615,6.15
2016-02-19,615,8.2
2016-02-20,615,10.6
2016-02-21,615,12.3
2016-02-22,615,12.05
2016-02-23,615,10.85
2016-02-24,615,11.1
2016-02-25,615,11.45
2016-02-26,615,11.4
2016-02-27,615,11.0
2013-06-10,616,0.1
2013-06-11,616,0.1
2013-06-12,616,0.1
2013-06-13,616,0.1
2013-06-14,616,0.1
2013-06-15,616,0.1
2013-06-16,616,0.25
2013-06-17,616,0.5
2013-06-18,616,0.65
2013-06-19,616,0.5
2013-06-20,616,0.3
2013-06-21,616,0.15
2013-06-22,616,0.1
2013-06-23,616,0.1
2013-06-24,616,0.1
2013-06-25,616,0.1
2013-06-26,616,0.1
2013-06-27,616,0.1
2013-06-28,616,0.1
2013-06-29,616,0.1
2013-06-30,616,0.1
2014-01-01,616,0.1
2014-01-02,616,0.1
2014-01-03,616,0.1
2014-01-04,616,0.1
2014-01-05,616,0.1
2014-01-06,616,0.1
2014-01-07,616,0.1
2014-01-08,616,0.1
2014-01-09,616,0.1
2014-01-10,616,0.2
2014-01-11,616,0.15
2014-01-12,616,0.2
2014-01-13,616,0.25
2014-01-14,616,0.3
2014-01-15,616,0.3
2014-01-16,616,0.1
2014-01-17,616,0.1
2014-01-18,616,0.1
2014-01-19,616,0.1
2014-01-20,616,0.1
2014-01-21,616,0.1
2014-01-22,616,0.2
2014-01-23,616,0.2
2014-01-24,616,0.2
2014-01-25,616,0.2
2014-01-26,616,0.25
2014-01-27,616,0.25
2014-01-28,616,0.25
2014-01-29,616,0.3
2014-01-30,616,0.35
2014-01-31,616,0.35
2014-02-01,616,0.3
2014-02-02,616,0.25
2014-02-03,616,0.1
2014-02-04,616,0.1
2014-02-05,616,0.1
2014-02-06,616,0.1
2014-02-07,616,0.1
2014-02-08,616,0.1
2014-02-09,616,0.1
2014-02-10,616,0.4
2014-02-11,616,1.25
2014-02-12,616,1.1
2014-02-13,616,0.7
2014-02-14,616,0.55
2014-02-15,616,0.7
2014-02-16,616,0.6
2014-02-17,616,0.4
2014-02-18,616,0.2
2014-02-19,616,0.1
2014-02-20,616,0.45
2014-02-21,616,0.6
2014-02-22,616,0.3
2014-02-23,616,0.55
2014-02-24,616,1.0
2014-02-25,616,1.25
2014-02-26,616,2.65
2014-02-27,616,2.9
2014-02-28,616,3.0
2014-03-01,616,1.9
2014-03-02,616,1.35
2014-03-03,616,0.75
2014-03-04,616,0.55
2014-03-05,616,0.2
2014-03-06,616,0.1
2014-03-07,616,0.11
2014-03-08,616,0.1
2014-03-09,616,0.15
2014-03-10,616,0.75
2014-03-11,616,1.1
2014-03-12,616,1.6
2014-03-13,616,1.85
2014-03-14,616,2.2
2014-03-15,616,2.7
2014-03-16,616,2.25
2014-03-17,616,2.05
2014-03-18,616,1.25
2014-03-19,616,0.95
2014-03-20,616,0.5
2014-03-21,616,0.45
2014-03-22,616,0.25
2014-03-23,616,0.1
2014-03-24,616,0.4
2014-03-25,616,1.05
2014-03-26,616,1.75
2014-03-27,616,2.4
2014-03-28,616,3.15
2014-03-29,616,2.2
2014-03-30,616,1.8
2014-03-31,616,1.35
2014-04-01,616,0.95
2014-04-02,616,0.6
2014-04-03,616,0.3
2014-04-04,616,0.2
2014-04-05,616,0.1
2014-04-06,616,0.1
2014-04-07,616,0.1
2014-04-08,616,0.25
2014-04-09,616,0.8
2014-04-10,616,0.75
2014-04-11,616,1.45
2014-04-12,616,1.5
2014-04-13,616,1.05
2014-04-14,616,0.95
2014-04-15,616,0.5
2014-04-16,616,0.35
2014-04-17,616,0.15
2014-04-18,616,0.1
2014-04-19,616,0.15
2014-04-20,616,0.1
2014-04-21,616,0.1
2014-04-22,616,0.1
2014-04-23,616,0.1
2014-04-24,616,0.45
2014-04-25,616,0.8
2014-04-26,616,0.5
2014-04-27,616,0.4
2014-04-28,616,0.3
2014-04-29,616,0.15
2014-04-30,616,0.15
2014-05-01,616,0.1
2014-05-02,616,0.1
2014-05-03,616,0.1
2014-05-04,616,0.1
2014-05-05,616,0.1
2014-05-06,616,0.3
2014-05-07,616,0.55
2014-05-08,616,0.65
2014-05-09,616,0.8
2014-05-10,616,1.2
2014-05-11,616,1.55
2014-05-12,616,1.0
2014-05-13,616,0.5
2014-05-14,616,0.25
2014-05-15,616,0.15
2014-05-16,616,0.15
2014-05-17,616,0.15
2014-05-18,616,0.15
2014-05-19,616,0.1
2014-05-20,616,0.1
2014-05-21,616,0.1
2014-05-22,616,0.1
2014-05-23,616,0.15
2014-05-24,616,0.2
2014-05-25,616,0.15
2014-05-26,616,0.1
2014-05-27,616,0.1
2014-05-28,616,0.1
2014-05-29,616,0.1
2014-05-30,616,0.1
2014-05-31,616,0.1
2014-06-01,616,0.1
2014-06-02,616,0.1
2014-06-03,616,0.1
2014-06-04,616,0.1
2014-06-05,616,0.1
2014-06-06,616,0.35
2014-06-07,616,0.55
2014-06-08,616,0.85
2014-06-09,616,1.1
2014-06-10,616,2.05
2014-06-11,616,2.7
2014-06-12,616,2.05
2014-06-13,616,1.15
2014-06-14,616,1.0
2014-06-15,616,0.6
2014-06-16,616,0.3
2014-06-17,616,0.1
2014-06-18,616,0.1
2014-06-19,616,0.1
2014-06-20,616,0.1
2014-06-21,616,0.1
2014-06-22,616,0.1
2014-06-23,616,0.1
2014-06-24,616,0.1
2014-06-25,616,0.1
2014-06-26,616,0.1
2014-06-27,616,0.1
2014-06-28,616,0.1
2014-06-29,616,0.1
2014-06-30,616,0.1
2015-01-01,616,4.75
2015-01-02,616,5.3
2015-01-03,616,6.6
2015-01-04,616,6.95
2015-01-05,616,6.2
2015-01-06,616,4.85
2015-01-07,616,4.1
2015-01-08,616,4.15
2015-01-09,616,4.1
2015-01-10,616,3.7
2015-01-11,616,3.55
2015-01-12,616,3.45
2015-01-13,616,3.75
2015-01-14,616,4.55
2015-01-15,616,4.95
2015-01-16,616,5.7
2015-01-17,616,8.8
2015-01-18,616,10.8
2015-01-19,616,11.25
2015-01-20,616,11.9
2015-01-21,616,10.75
2015-01-22,616,9.85
2015-01-23,616,9.85
2015-01-24,616,9.3
2015-01-25,616,6.1
2015-01-26,616,4.9
2015-01-27,616,4.95
2015-01-28,616,3.95
2015-01-29,616,4.2
2015-01-30,616,5.1
2015-01-31,616,4.4
2015-02-01,616,6.25
2015-02-02,616,7.0
2015-02-03,616,7.15
2015-02-04,616,7.8
2015-02-05,616,8.05
2015-02-06,616,8.15
2015-02-07,616,7.5
2015-02-08,616,7.6
2015-02-09,616,7.95
2015-02-10,616,6.35
2015-02-11,616,4.85
2015-02-12,616,5.45
2015-02-13,616,6.55
2015-02-14,616,7.75
2015-02-15,616,7.3
2015-02-16,616,9.15
2005-04-21,624,0.6
2005-04-22,624,0.4
2005-04-23,624,0.4
2005-04-24,624,0.1
2005-04-25,624,0.1
2005-04-26,624,0.4
2005-04-27,624,0.8
2005-04-28,624,0.8
2014-06-30,650,0.2
2015-01-04,650,0.0
2015-01-05,650,0.0
2015-01-06,650,0.0
2015-01-07,650,0.0
2015-01-08,650,0.0
2015-01-09,650,0.0
2015-01-10,650,0.0
2015-01-11,650,0.0
2015-01-12,650,0.0
2015-01-13,650,0.0
2015-01-14,650,0.0
2015-01-15,650,0.0
2015-01-16,650,0.0
2015-01-17,650,0.0
2015-01-18,650,0.0
2015-01-19,650,0.0
2015-01-20,650,0.1
2015-01-21,650,0.1
2015-01-22,650,0.1
2015-01-23,650,0.0
2015-01-24,650,0.0
2015-01-25,650,0.1
2015-01-26,650,0.1
2015-01-27,650,0.0
2015-01-28,650,0.0
2015-01-29,650,0.0
2015-01-30,650,0.0
2015-01-31,650,0.2
2015-02-01,650,0.0
2015-02-02,650,0.8
2015-02-03,650,0.9
2015-02-04,650,1.0
2015-02-05,650,0.0
2015-02-06,650,1.4
2015-02-07,650,1.6
2015-02-08,650,1.6
2015-02-09,650,0.0
2015-02-10,650,0.0
2015-02-11,650,0.0
2015-02-12,650,1.1
2015-02-13,650,0.9
2015-02-14,650,1.0
2015-02-15,650,0.0
2015-02-16,650,0.0
2015-02-17,650,0.0
2015-02-18,650,1.4
2015-02-19,650,1.7
2015-02-20,650,2.0
2015-02-21,650,0.0
2015-02-22,650,2.5
2015-02-23,650,2.7
2015-02-24,650,2.7
2015-02-25,650,0.0
2015-02-26,650,0.0
2015-02-27,650,0.0
2015-02-28,650,2.2
2015-03-01,650,0.0
2015-03-02,650,0.0
2015-03-03,650,0.0
2015-03-04,650,2.6
2015-01-09,652,0.3
2015-01-10,652,0.2
2015-01-11,652,0.0
2015-01-12,652,0.0
2015-01-13,652,2.3
2015-01-14,652,1.5
2015-01-15,652,2.7
2015-01-16,652,0.0
2015-01-17,652,0.0
2015-01-18,652,0.0
2015-01-19,652,0.0
2015-01-20,652,5.7
2015-01-21,652,4.5
2015-01-22,652,3.9
2015-01-23,652,0.0
2015-01-24,652,3.1
2015-01-25,652,1.7
2015-01-26,652,1.0
2015-01-27,652,0.0
2015-01-28,652,0.0
2015-01-29,652,0.0
2015-01-30,652,0.0
2015-01-31,652,0.4
2015-02-01,652,0.0
2015-02-02,652,1.3
2015-02-03,652,1.5
2015-02-04,652,1.7
2015-02-05,652,0.0
2015-02-06,652,2.4
2015-02-07,652,2.5
2015-02-08,652,1.7
2015-02-09,652,0.0
2015-02-10,652,0.0
2015-02-11,652,0.0
2015-02-12,652,1.2
2015-02-13,652,1.3
2015-02-14,652,2.2
2015-02-15,652,0.0
2015-02-16,652,0.0
2015-02-17,652,0.0
2015-02-18,652,5.0
2015-02-19,652,5.0
2015-02-20,652,5.4
2015-02-21,652,0.0
2015-02-22,652,4.6
2015-02-23,652,3.4
2015-02-24,652,2.6
2015-02-25,652,0.0
2015-02-26,652,0.0
2015-02-27,652,0.0
2015-02-28,652,0.4
2015-03-01,652,0.0
2015-03-02,652,0.0
2015-03-03,652,0.0
2015-03-04,652,2.0
2015-03-05,652,2.1
2009-02-16,655,8.45
2009-02-17,655,8.5
2009-02-18,655,9.4
2009-02-19,655,8.65
2009-02-20,655,8.8
2009-02-21,655,4.3
2009-02-22,655,3.82
2009-02-23,655,3.3
2009-02-24,655,5.65
2009-02-25,655,7.6
2009-02-26,655,9.1
2009-02-27,655,9.55
2009-02-28,655,6.2
2009-03-01,655,5.6
2009-03-02,655,5.59
2009-03-03,655,11.05
2009-03-04,655,11.1
2009-03-05,655,11.7
2009-03-06,655,12.15
2009-03-07,655,10.55
2009-03-08,655,9.75
2009-03-09,655,9.1
2009-03-10,655,13.95
2009-03-11,655,14.15
2009-03-12,655,14.25
2009-03-13,655,13.55
2009-03-14,655,7.05
2009-03-15,655,8.3
2009-03-16,655,8.085
2009-03-17,655,14.25
2009-03-18,655,20.25
2009-03-19,655,19.4
2009-03-20,655,18.95
2009-03-21,655,18.75
2009-03-22,655,14.15
2009-03-23,655,12.4
2009-03-24,655,11.3
2009-03-25,655,7.2
2009-03-26,655,7.2
2009-03-27,655,7.575
2009-03-28,655,5.85
2009-03-29,655,3.4
2009-03-30,655,3.35
2009-03-31,655,4.55
2009-04-02,655,6.35
2009-04-03,655,5.7
2009-04-04,655,6.45
2009-04-11,655,7.25
2009-04-12,655,5.75
2009-04-13,655,4.0
2009-04-17,655,6.45
2009-04-18,655,3.8
2009-04-19,655,4.5
2009-04-26,655,4.9
2009-04-27,655,5.2
2009-04-28,655,5.25
2009-05-01,655,4.45
2009-05-02,655,2.75
2009-05-03,655,3.15
2009-05-04,655,5.45
2009-05-05,655,5.1
2009-05-06,655,5.9
2009-05-07,655,3.05
2009-05-08,655,3.15
2009-05-09,655,2.3
2009-05-10,655,2.25
2009-05-11,655,2.535
2009-05-12,655,2.55
2009-05-13,655,3.6
2009-05-14,655,3.55
2009-05-15,655,2.55
2015-03-16,657,2.1
2015-03-17,657,0.0
2015-03-18,657,0.0
2015-03-19,657,0.0
2015-03-20,657,2.2
2015-03-21,657,2.1
2015-03-22,657,2.3
2015-03-23,657,0.0
2015-03-24,657,0.0
2015-03-25,657,0.0
2015-03-26,657,0.0
2015-03-27,657,0.0
2015-03-28,657,2.4
2015-03-29,657,2.5
2015-03-30,657,2.4
2015-03-31,657,0.0
2015-04-01,657,0.0
2015-04-02,657,1.9
2015-04-03,657,2.3
2015-04-04,657,2.1
2015-04-05,657,0.0
2015-04-06,657,2.0
2015-04-07,657,2.0
2015-04-08,657,2.0
2015-04-09,657,0.0
2015-04-10,657,0.0
2015-04-11,657,1.7
2015-04-12,657,1.6
2015-04-13,657,1.7
2015-04-14,657,0.0
2015-04-15,657,0.0
2015-04-16,657,0.0
2015-04-17,657,0.0
2015-04-18,657,0.0
2009-05-21,672,0.2
2010-02-01,672,4.4
2010-02-02,672,3.8
2010-02-03,672,3.1
2010-02-08,672,0.2
2010-02-09,672,0.2
2010-02-10,672,0.9
2010-02-17,672,3.1
2010-02-18,672,3.8
2010-02-19,672,4.1
2010-02-23,672,3.7
2010-02-24,672,3.8
2010-02-25,672,3.8
2010-02-28,672,4.1
2010-03-01,672,5.0
2010-03-02,672,6.0
2010-03-03,672,5.8
2010-03-09,672,2.9
2010-03-10,672,3.9
2010-03-11,672,6.0
2010-03-18,672,10.1
2010-03-19,672,10.2
2010-03-20,672,10.9
2010-03-21,672,11.0
2010-03-24,672,6.8
2010-03-25,672,6.9
2010-03-26,672,7.3
2010-03-30,672,13.8
2010-03-31,672,14.9
2010-04-01,672,15.6
2010-04-02,672,14.7
2010-04-07,672,7.6
2010-04-08,672,7.4
2010-04-09,672,6.3
2010-04-11,672,6.3
2010-04-16,672,11.2
2010-04-17,672,12.5
2010-04-18,672,13.6
2010-04-19,672,13.9
2010-04-21,672,10.2
2010-04-22,672,8.5
2010-04-23,672,7.8
2010-04-29,672,12.3
2010-04-30,672,12.1
2010-05-01,672,13.2
2010-05-02,672,9.5
2010-05-08,672,4.4
2010-05-09,672,4.5
2010-05-10,672,5.9
2010-05-11,672,6.8
2010-05-15,672,10.2
2010-05-16,672,10.3
2010-05-17,672,10.5
2010-05-21,672,4.3
2010-05-22,672,4.1
2010-05-23,672,4.0
2010-05-27,672,5.1
2010-05-28,672,5.3
2010-05-29,672,5.6
2010-06-01,672,4.8
2010-06-02,672,3.9
2010-06-05,672,5.0
2010-06-06,672,3.1
2010-06-07,672,4.2
2010-06-13,672,6.2
2010-06-14,672,5.4
2010-06-15,672,4.6
2010-06-20,672,2.4
2010-06-21,672,2.3
2010-06-22,672,2.0
2010-06-29,672,2.1
2010-06-30,672,1.8
2010-07-01,672,1.8
2010-07-04,672,1.5
2010-07-05,672,1.4
2010-07-06,672,1.4
2010-07-12,672,0.9
2010-07-13,672,1.2
2010-07-14,672,1.4
2010-07-21,672,0.2
2010-07-22,672,0.2
2010-07-23,672,0.2
2010-07-25,672,0.6
2010-07-26,672,0.6
2010-07-27,672,0.8
2011-02-03,672,5.7
2011-02-04,672,5.7
2011-02-05,672,5.4
2011-02-11,672,0.7
2011-02-12,672,0.5
2011-02-13,672,0.4
2011-02-20,672,7.1
2011-02-21,672,8.3
2011-02-22,672,7.7
2011-02-26,672,2.8
2011-02-27,672,3.0
2011-02-28,672,3.6
2011-03-04,672,5.8
2011-03-05,672,5.6
2011-03-06,672,6.0
2011-03-12,672,2.5
2011-03-13,672,2.4
2011-03-14,672,4.2
2011-03-20,672,12.3
2011-03-21,672,12.6
2011-03-22,672,12.1
2011-03-27,672,4.5
2011-03-28,672,4.8
2011-03-29,672,5.2
2011-04-04,672,10.6
2011-04-05,672,9.4
2011-04-06,672,8.6
2011-04-11,672,4.4
2011-04-12,672,4.0
2011-04-13,672,3.9
2011-04-18,672,9.0
2011-04-19,672,8.4
2011-04-20,672,8.9
2011-04-25,672,4.6
2011-04-26,672,4.1
2011-04-27,672,4.1
2011-05-04,672,4.2
2011-05-05,672,3.5
2011-05-06,672,3.0
2011-05-09,672,2.2
2011-05-10,672,2.1
2011-05-11,672,2.1
2011-05-17,672,4.5
2011-05-18,672,4.2
2011-05-19,672,4.1
2011-05-26,672,1.7
2011-05-27,672,1.9
2011-05-28,672,3.1
2011-06-02,672,1.7
2011-06-03,672,1.4
2011-06-04,672,1.0
2011-06-05,672,1.0
2011-06-09,672,0.8
2011-06-10,672,0.2
2011-06-11,672,0.4
2011-06-15,672,0.5
2011-06-16,672,0.4
2011-06-17,672,0.4
2011-06-18,672,0.3
2011-06-24,672,0.6
2011-06-25,672,0.9
2011-06-26,672,1.1
2011-07-02,672,0.2
2011-07-03,672,0.2
2011-07-04,672,0.2
2011-07-05,672,0.2
2011-07-11,672,0.1
2011-07-12,672,0.1
2011-07-13,672,0.1
2011-07-15,672,0.1
2011-07-16,672,0.1
2011-07-17,672,0.1
2011-07-18,672,0.1
2011-07-24,672,0.2
2011-07-25,672,0.2
2011-07-26,672,0.1
2011-07-29,672,0.1
2011-07-30,672,0.1
2011-07-31,672,0.1
2012-02-02,672,0.6
2012-02-03,672,1.5
2012-02-04,672,1.9
2012-02-08,672,2.3
2012-02-09,672,2.3
2012-02-10,672,1.8
2012-02-16,672,0.9
2012-02-17,672,0.9
2012-02-18,672,0.8
2012-02-22,672,4.3
2012-02-23,672,3.8
2012-02-24,672,3.3
2012-03-02,672,0.5
2012-03-03,672,1.4
2012-03-04,672,2.5
2012-03-11,672,5.2
2012-03-12,672,5.3
2012-03-13,672,4.7
2012-03-16,672,2.4
2012-03-17,672,3.5
2012-03-18,672,4.3
2012-03-23,672,4.4
2012-03-24,672,3.2
2012-03-25,672,3.4
2012-03-30,672,4.4
2012-03-31,672,4.0
2012-04-01,672,3.9
2012-04-08,672,10.9
2012-04-09,672,11.9
2012-04-10,672,11.8
2012-04-14,672,5.7
2012-04-15,672,5.1
2012-04-16,672,5.2
2012-04-22,672,4.1
2012-04-23,672,2.8
2012-04-24,672,2.6
2012-04-28,672,2.1
2012-04-29,672,2.5
2012-04-30,672,2.7
2012-05-06,672,6.6
2012-05-07,672,6.5
2012-05-08,672,7.3
2012-05-15,672,3.7
2012-05-16,672,3.7
2012-05-17,672,6.6
2012-05-22,672,2.1
2012-05-23,672,1.8
2012-05-24,672,1.4
2012-05-27,672,0.9
2012-05-28,672,0.9
2012-05-29,672,0.9
2012-06-04,672,3.2
2012-06-05,672,2.9
2012-06-06,672,3.4
2012-06-12,672,1.2
2012-06-13,672,1.4
2012-06-14,672,1.7
2012-06-20,672,3.2
2012-06-21,672,3.2
2012-06-22,672,3.1
2012-06-27,672,1.9
2012-06-28,672,1.8
2012-06-29,672,1.4
2012-07-03,672,2.0
2012-07-04,672,1.8
2012-07-05,672,1.8
2012-07-13,672,0.6
2012-07-14,672,0.7
2012-07-15,672,0.7
2012-07-20,672,0.8
2012-07-21,672,0.7
2012-07-22,672,0.7
2012-07-28,672,0.5
2012-07-29,672,0.4
2012-07-30,672,0.3
2013-02-05,672,2.6
2013-02-06,672,2.3
2013-02-07,672,3.9
2013-02-09,672,4.6
2013-02-10,672,5.1
2013-02-11,672,8.9
2013-02-12,672,8.4
2013-02-19,672,3.0
2013-02-20,672,5.0
2013-02-21,672,7.3
2013-02-25,672,10.1
2013-02-26,672,11.8
2013-02-27,672,12.4
2013-02-28,672,12.4
2013-03-01,672,12.5
2013-03-06,672,4.9
2013-03-07,672,5.5
2013-03-08,672,9.3
2013-03-11,672,12.4
2013-03-12,672,11.9
2013-03-13,672,12.0
2013-03-14,672,10.8
2013-03-20,672,4.3
2013-03-21,672,4.5
2013-03-22,672,4.4
2013-03-28,672,7.2
2013-03-29,672,8.5
2013-03-30,672,9.2
2013-03-31,672,9.3
2013-04-01,672,8.9
2013-04-03,672,5.8
2013-04-04,672,5.5
2013-04-05,672,4.8
2013-04-08,672,5.8
2013-04-09,672,6.3
2013-04-10,672,6.8
2013-04-11,672,7.0
2013-04-17,672,4.2
2013-04-18,672,3.9
2013-04-19,672,3.6
2013-04-26,672,11.9
2013-04-27,672,11.2
2013-04-28,672,10.8
2013-04-29,672,10.3
2013-05-02,672,4.9
2013-05-03,672,4.3
2013-05-04,672,4.9
2013-05-09,672,4.1
2013-05-10,672,3.5
2013-05-11,672,3.1
2013-05-12,672,1.9
2013-05-18,672,1.3
2013-05-19,672,2.1
2013-05-20,672,2.4
2013-05-25,672,5.6
2013-05-26,672,3.9
2013-05-27,672,4.8
2013-05-28,672,3.9
2013-06-02,672,1.7
2013-06-03,672,1.6
2013-06-04,672,1.2
2013-06-07,672,0.2
2013-06-08,672,0.4
2013-06-09,672,0.4
2013-06-10,672,0.3
2013-06-11,672,0.3
2013-06-15,672,0.9
2013-06-16,672,2.0
2013-06-17,672,1.8
2013-06-22,672,0.9
2013-06-23,672,1.0
2013-06-24,672,1.0
2013-06-25,672,0.6
2013-06-26,672,0.6
2013-07-03,672,0.0
2013-07-04,672,0.0
2013-07-05,672,0.0
2013-07-08,672,0.0
2013-07-09,672,0.0
2013-07-10,672,0.0
2013-07-12,672,0.0
2013-07-13,672,0.0
2013-07-14,672,0.0
2013-07-23,672,0.1
2013-07-24,672,0.1
2013-07-25,672,0.1
2013-07-29,672,0.0
2013-07-30,672,0.0
2013-07-31,672,0.0
2014-01-01,672,0.4
2014-01-02,672,0.3
2014-01-03,672,0.2
2014-01-04,672,0.2
2014-01-09,672,0.1
2014-01-10,672,0.1
2014-01-11,672,0.1
2014-01-12,672,0.1
2014-01-15,672,0.6
2014-01-16,672,0.7
2014-01-17,672,0.6
2014-01-18,672,0.4
2014-01-22,672,0.4
2014-01-23,672,0.4
2014-01-24,672,0.4
2014-01-25,672,0.4
2014-01-28,672,0.2
2014-01-29,672,0.3
2014-01-30,672,0.3
2014-01-31,672,0.3
2014-02-01,672,0.3
2014-02-02,672,0.4
2014-02-03,672,0.3
2014-02-04,672,0.2
2014-02-07,672,0.3
2014-02-08,672,0.2
2014-02-09,672,0.3
2014-02-10,672,0.2
2014-02-14,672,2.0
2014-02-15,672,2.4
2014-02-16,672,3.3
2014-02-17,672,3.3
2014-02-18,672,3.4
2014-02-22,672,1.9
2014-02-23,672,1.8
2014-02-24,672,1.7
2014-02-25,672,1.9
2014-02-26,672,2.7
2014-02-27,672,3.0
2014-02-28,672,3.5
2014-03-01,672,4.0
2014-03-02,672,4.4
2003-02-17,805,12.0
2003-02-18,805,14.1
2003-02-19,805,14.2
2003-02-20,805,13.0
2003-02-21,805,14.5
2003-02-22,805,13.8
2003-02-23,805,11.7
2003-02-24,805,9.6
2003-02-25,805,9.3
2003-02-26,805,9.6
2003-02-27,805,10.8
2003-02-28,805,10.6
2003-03-01,805,11.1
2003-03-02,805,10.7
2003-03-03,805,10.6
2003-03-04,805,12.2
2003-03-05,805,12.3
2003-03-06,805,11.0
2003-03-07,805,10.1
2003-03-08,805,10.1
2003-03-09,805,13.7
2003-03-10,805,17.4
2003-03-11,805,19.9
2003-03-12,805,20.5
2003-03-13,805,21.1
2003-03-14,805,17.2
2003-03-15,805,15.5
2003-03-16,805,15.4
2003-03-17,805,17.0
2003-03-18,805,16.9
2003-03-19,805,17.8
2003-03-20,805,20.4
2003-03-21,805,21.8
2003-03-22,805,23.5
2003-03-23,805,23.6
2003-03-24,805,23.5
2003-03-25,805,23.6
2003-03-26,805,22.8
2003-03-27,805,19.7
2003-03-28,805,20.2
2003-03-29,805,19.7
2003-03-30,805,20.6
2003-03-31,805,19.1
2003-04-01,805,18.0
2003-04-02,805,16.8
2003-04-03,805,17.5
2003-04-04,805,17.0
2003-04-05,805,16.2
2003-04-06,805,16.6
2003-04-07,805,17.7
2003-04-08,805,16.6
2003-04-09,805,16.3
2003-04-10,805,16.6
2003-04-11,805,14.4
2003-04-12,805,13.5
2003-04-13,805,13.8
2003-04-14,805,14.7
2003-04-15,805,15.5
2003-04-16,805,17.3
2003-04-17,805,19.2
2004-03-24,808,4.7
2004-03-25,808,4.1
2002-04-23,809,3.9
2002-04-24,809,5.0
1996-05-11,810,2.5
1996-05-12,810,1.75
1996-05-13,810,2.6
1996-05-14,810,2.65
1996-05-15,810,1.75
1996-05-16,810,1.45
1996-05-17,810,1.0
1996-05-18,810,2.05
1996-05-19,810,0.75
1996-05-20,810,0.0
1996-04-28,814,5.45
1996-04-29,814,5.8
1996-04-30,814,4.75
1996-05-01,814,4.35
1996-05-02,814,3.9
1996-05-03,814,4.3
1996-05-04,814,3.95
1996-05-05,814,4.35
1996-05-06,814,4.45
1996-05-07,814,4.0
1996-05-08,814,3.45
1996-05-09,814,2.9
1996-05-10,814,3.6
1996-05-11,814,3.9
1996-05-12,814,3.9
1996-05-17,815,0.0
1996-05-18,815,0.0
1996-05-19,815,0.0
1996-05-20,815,0.0
1996-05-21,815,0.0
1996-05-22,815,0.0
1996-05-08,816,2.3
1996-05-09,816,1.8
1996-05-10,816,1.6
1996-05-11,816,1.7
1996-05-12,816,1.5
1996-05-13,816,1.4
1996-05-14,816,1.4
1996-05-15,816,1.6
1996-05-16,816,1.7
1996-05-17,816,1.7
1996-05-18,816,1.7
1996-05-19,816,1.8
1996-05-19,817,1.4
1996-05-20,817,0.9
1996-05-21,817,0.7
1996-05-22,817,0.4
1996-05-23,817,0.4
1996-05-24,817,0.5
1996-05-25,817,0.2
1996-05-26,817,1.7
1996-05-27,817,2.2
1996-05-28,817,4.2
1996-05-29,817,4.3
1996-05-30,817,3.5
1996-05-31,817,3.0
1996-04-30,818,6.3
2003-05-28,851,0.4
2003-05-29,851,0.5
2003-05-30,851,0.5
2003-05-31,851,0.2
2003-06-01,851,0.3
2003-06-02,851,0.2
2003-06-03,851,0.2
2003-06-04,851,0.2
2003-06-05,851,0.2
2003-06-06,851,0.2
2003-06-07,851,0.2
2003-06-08,851,0.2
2003-06-09,851,0.2
2003-06-10,851,0.3
2003-06-11,851,0.4
2003-06-12,851,0.5
2003-06-13,851,0.7
2003-06-14,851,0.9
2003-06-15,851,1.1
2003-06-16,851,1.1
2003-06-17,851,0.9
2003-06-18,851,0.9
2003-06-19,851,0.8
2003-06-20,851,1.2
1999-06-23,853,0.4
1999-06-24,853,0.3
1999-06-25,853,0.4
1999-06-26,853,0.4
1999-06-27,853,0.4
1999-06-28,853,0.4
1999-06-29,853,0.4
1999-06-30,853,0.4
1999-07-01,853,0.4
1999-07-02,853,0.4
1999-07-03,853,0.3
1999-07-04,853,0.3
1999-07-05,853,0.3
2002-04-20,856,9.7
2002-04-21,856,8.6
2002-04-22,856,11.3
2002-04-23,856,8.5
1997-07-28,863,0.2
2002-04-19,879,1.2
2002-04-20,879,1.6
2002-04-21,879,1.3
1999-11-13,902,0.1
1999-11-14,902,0.1
1999-11-15,902,0.1
1999-11-16,902,0.1
1999-11-17,902,0.1
1999-11-18,902,0.1
1999-11-19,902,0.1
1999-11-20,902,0.1
1999-11-21,902,0.2
1999-11-22,902,0.1
1999-11-23,902,0.1
1999-11-24,902,0.1
1999-11-25,902,0.1
1999-11-26,902,0.2
1999-11-27,902,0.2
1999-11-28,902,0.2
1999-11-29,902,0.2
2003-05-08,903,27.8
2003-05-09,903,26.9
2003-05-10,903,27.9
2003-05-11,903,27.5
2003-05-12,903,26.7
2003-05-13,903,28.1
2003-05-14,903,27.6
2003-05-15,903,27.4
2003-05-16,903,27.7
2003-05-17,903,28.3
2003-05-18,903,28.1
2003-05-19,903,28.6
2003-05-20,903,28.9
2003-05-21,903,28.8
2003-05-22,903,28.8
2003-05-23,903,28.9
2003-05-24,903,28.8
2003-05-25,903,28.2
2003-05-26,903,27.4
2003-05-27,903,28.0
2003-05-28,903,28.4
2003-05-29,903,28.3
2003-05-30,903,28.1
2003-05-31,903,28.9
2003-06-01,903,29.1
2003-06-02,903,29.3
2003-06-03,903,28.8
1999-11-18,904,0.3
1999-11-19,904,0.3
1999-11-20,904,0.4
1999-11-21,904,0.4
1999-11-22,904,0.4
1999-11-23,904,0.4
1999-11-24,904,0.8
1999-11-25,904,1.5
1999-11-26,904,2.8
1999-11-27,904,4.5
1999-11-28,904,5.8
1999-11-29,904,7.2
1999-11-30,904,6.9
1999-12-01,904,5.8
1999-12-02,904,4.6
1999-12-03,904,4.0
1999-12-04,904,3.4
2003-03-25,916,28.7
2003-03-26,916,29.2
2003-03-27,916,25.1
2003-03-28,916,29.0
2003-03-29,916,29.1
2003-03-30,916,29.0
2003-03-31,916,29.0
2003-04-01,916,29.7
2003-04-02,916,30.0
2003-04-03,916,30.2
2003-04-04,916,30.4
2003-04-05,916,30.2
2003-04-06,916,30.1
2003-04-07,916,30.2
2003-04-08,916,28.2
2003-04-09,916,28.6
2003-04-10,916,30.1
2003-04-11,916,30.5
2003-04-12,916,30.5
2003-04-13,916,30.7
2003-04-14,916,30.6
2003-04-15,916,31.0
2003-04-16,916,30.8
2003-04-17,916,31.2
2003-04-18,916,31.3
2003-04-19,916,31.5
2003-04-20,916,31.7
2003-04-21,916,31.9
2003-04-22,916,32.3
2003-04-23,916,32.6
2003-04-24,916,32.2
2003-04-25,916,32.5
2003-04-26,916,32.8
2003-04-27,916,32.8
2003-04-28,916,32.8
2003-04-29,916,32.8
2003-04-30,916,32.9
2003-05-01,916,32.8
2003-05-02,916,33.0
2003-05-03,916,32.9
2003-05-04,916,32.9
2003-05-05,916,32.2
2003-05-06,916,32.5
